"scan_date","first_seen","total","size","times_submitted","harmless_votes","malicious_votes","positives","submission.submitter_country","additional_info.exiftool.FileType","Year"
"2021-11-03 00:19:30","2021-11-03 00:19:30",60,2669106,1,0,0,21,"CA","ZIP","2021"
"2021-11-03 08:53:57","2021-11-03 08:53:57",61,1956125,1,0,0,20,"US","ZIP","2021"
"2021-11-03 00:26:03","2021-11-03 00:26:03",61,2667641,1,0,0,20,"CA","ZIP","2021"
"2021-11-03 08:12:06","2021-11-03 08:12:06",61,3998656,1,0,0,18,"UA","ZIP","2021"
"2021-11-03 08:44:36","2015-01-20 23:53:18",64,500276,263,18,13,26,"IE","ZIP","2015"
"2021-11-03 08:54:32","2021-11-03 08:54:32",62,1956125,1,0,0,20,"US","ZIP","2021"
"2021-11-03 08:22:50","2021-11-03 08:22:50",61,4137920,1,0,0,18,"UA","ZIP","2021"
"2021-11-03 07:43:10","2021-06-03 18:29:36",61,3031864,2,0,0,15,"UA","ZIP","2021"
"2021-11-03 00:25:19","2021-11-03 00:25:19",60,2669106,1,0,0,20,"CA","ZIP","2021"
"2021-11-03 08:00:30","2017-11-28 15:53:18",60,5884,4,0,0,25,"CZ","DEX","2017"
"2021-11-03 07:53:39","2021-09-13 03:45:21",62,3035859,2,0,0,24,"IT","ZIP","2021"
"2021-11-03 00:45:24","2021-11-03 00:45:24",61,2669106,1,0,0,19,"CA","ZIP","2021"
"2021-11-03 08:44:15","2021-11-03 08:44:15",63,15202016,1,0,0,17,"KR","ZIP","2021"
"2021-11-03 07:54:34","2021-11-03 07:54:34",63,8041344,1,0,0,17,"SG","ZIP","2021"
"2021-11-03 09:16:16","2018-07-07 07:04:03",59,307908,11,0,0,20,"CZ","DEX","2018"
"2021-11-03 08:16:40","2021-11-03 08:16:40",63,20353542,1,0,0,22,"CA","ZIP","2021"
"2021-11-03 07:54:29","2021-10-18 08:50:50",62,6122860,2,0,0,18,"IT","ZIP","2021"
"2021-11-03 00:00:26","2021-11-03 00:00:26",58,4804233,1,0,0,27,"CA","ZIP","2021"
"2021-11-03 00:37:21","2021-11-03 00:37:21",60,1955983,1,0,0,19,"US","ZIP","2021"
"2021-11-03 09:00:20","2019-10-01 03:13:27",56,48204,2,0,0,20,"CZ","DEX","2019"
"2021-11-03 07:50:10","2016-12-03 11:18:21",53,366676,2,0,0,21,"CZ","DEX","2016"
"2021-11-03 00:45:04","2021-11-03 00:45:04",62,2669106,1,0,0,22,"CA","ZIP","2021"
"2021-11-03 07:40:40","2015-04-07 10:32:52",59,1674660,20,0,0,25,"CZ","DEX","2015"
"2021-11-03 08:46:27","2017-10-27 21:12:27",59,424720,2,0,0,20,"CZ","DEX","2017"
"2021-11-03 07:55:42","2013-09-11 08:40:27",63,394574,18,0,0,21,"IT","ZIP","2013"
"2021-11-03 07:39:47","2018-04-16 22:03:40",59,5888,2,0,0,25,"CZ","DEX","2018"
"2021-11-03 07:39:19","2019-09-01 04:43:45",60,7116,2,0,0,17,"CZ","DEX","2019"
"2021-11-03 08:00:41","2017-08-18 16:45:45",59,17476,3,0,0,25,"CZ","DEX","2017"
"2021-11-03 07:40:00","2021-01-16 23:49:02",63,7032582,255,0,0,19,"MX","ZIP","2021"
"2021-11-03 07:39:44","2018-04-03 07:07:46",59,6004,3,0,0,26,"CZ","DEX","2018"
"2021-11-03 00:10:40","2021-11-03 00:10:40",63,8801847,1,0,0,15,"CA","ZIP","2021"
"2021-11-03 07:46:10","2017-12-28 05:51:06",59,774024,2,0,0,28,"CZ","DEX","2017"
"2021-11-03 00:08:52","2021-11-03 00:08:52",56,4804234,1,0,0,26,"CA","ZIP","2021"
"2021-11-03 08:16:18","2021-11-03 08:16:18",61,30711904,1,0,0,18,"CA","ZIP","2021"
"2021-11-03 08:24:09","2021-08-03 12:09:52",62,4506129,2,0,0,29,"LU","ZIP","2021"
"2021-11-03 07:50:25","2016-12-14 08:41:42",59,6160,4,0,0,22,"CZ","DEX","2016"
"2021-11-03 08:28:49","2021-11-03 08:28:49",60,2947134,1,0,0,20,"CA","ZIP","2021"
"2021-11-03 07:54:48","2021-10-18 02:40:12",62,6122893,2,0,0,21,"IT","ZIP","2021"
"2021-11-03 08:32:38","2021-11-03 08:32:38",62,1956249,1,0,0,18,"US","ZIP","2021"
"2021-11-03 08:18:57","2021-10-20 13:54:49",64,3903113,2,0,1,37,"IT","ZIP","2021"
"2021-11-03 09:15:59","2021-11-03 09:15:59",62,543672,1,0,0,24,"US","ZIP","2021"
"2021-11-03 08:16:20","2018-07-13 05:59:16",59,5884,2,0,0,25,"CZ","DEX","2018"
"2021-11-03 07:54:09","2021-10-21 10:15:18",61,6126959,2,0,0,20,"IT","ZIP","2021"
"2021-11-03 07:44:23","2016-01-06 01:51:40",59,1156,23,0,0,25,"CZ","DEX","2016"
"2021-11-03 09:22:12","2015-08-12 17:10:54",62,860113,16,0,0,36,"DE","ZIP","2015"
"2021-11-03 00:19:22","2021-11-03 00:19:22",60,2669106,1,0,0,19,"CA","ZIP","2021"
"2021-11-03 08:15:31","2021-11-03 08:15:31",62,1955964,1,0,0,21,"MX","ZIP","2021"
"2021-11-03 00:46:00","2021-11-03 00:46:00",61,2669106,1,0,0,20,"CA","ZIP","2021"
"2021-11-03 09:14:16","2021-11-03 09:14:16",60,15721098,1,0,0,16,"KR","ZIP","2021"
"2021-11-03 07:33:53","2019-09-08 03:35:40",62,63071192,7,0,0,15,"GB","ZIP","2019"
"2021-11-03 00:01:05","2021-11-03 00:01:05",63,4804236,1,0,0,27,"CA","ZIP","2021"
"2021-11-03 08:21:38","2021-11-03 08:21:38",61,601452,1,0,0,25,"US","ZIP","2021"
"2021-11-03 07:55:52","2021-09-13 06:50:57",59,3035852,2,0,0,21,"IT","ZIP","2021"
"2021-11-03 09:13:09","2021-11-03 09:13:09",61,1956174,1,0,0,20,"BD","ZIP","2021"
"2021-11-03 00:28:18","2021-11-03 00:28:18",63,14898946,1,0,0,15,"KR","ZIP","2021"
"2021-11-03 08:45:37","2021-11-03 08:45:37",62,10186,1,0,0,30,"IN","ZIP","2021"
"2021-11-03 08:12:18","2017-03-05 15:29:33",59,1156,5,0,0,25,"CZ","DEX","2017"
"2021-11-03 08:03:59","2021-11-03 08:03:59",63,15410862,1,0,0,18,"KR","ZIP","2021"
"2021-11-03 08:34:18","2019-01-27 06:15:44",60,153424,2,0,0,26,"CZ","DEX","2019"
"2021-11-03 07:55:19","2021-10-22 23:35:21",64,3394334,5,0,0,26,"IT","ZIP","2021"
"2021-11-03 07:39:52","2015-05-09 02:35:41",59,214120,4,0,0,22,"CZ","DEX","2015"
"2021-11-03 07:50:15","2016-12-24 15:14:13",59,17984,2,0,0,23,"CZ","DEX","2016"
"2021-11-03 07:38:33","2019-05-13 04:00:23",59,7108008,3,0,0,16,"CZ","DEX","2019"
"2021-11-03 07:37:40","2021-11-03 07:37:40",60,107759215,1,0,0,17,"US","ZIP","2021"
"2021-11-03 08:02:16","2015-02-06 17:44:14",61,183459,11,0,0,31,"DE","ZIP","2015"
"2021-11-03 00:28:10","2021-11-03 00:28:10",60,2669106,1,0,0,19,"CA","ZIP","2021"
"2021-11-03 08:33:19","2021-11-03 08:33:19",62,1956249,1,0,0,17,"US","ZIP","2021"
"2021-11-03 08:21:56","2021-11-03 08:21:56",63,3758923,1,0,0,20,"CA","ZIP","2021"
"2021-11-03 08:46:24","2021-11-03 08:46:24",59,1998932,1,0,0,16,"CZ","DEX","2021"
"2021-11-03 07:55:40","2021-10-19 04:55:25",62,6122862,2,0,1,23,"IT","ZIP","2021"
"2021-11-03 07:56:08","2017-11-18 01:30:57",59,5904,4,0,0,23,"CZ","DEX","2017"
"2021-11-03 07:38:41","2021-10-23 15:26:09",59,2111216,2,0,0,16,"CZ","DEX","2021"
"2021-11-03 07:40:14","2015-06-04 08:59:13",58,621512,3,0,0,26,"CZ","DEX","2015"
"2021-11-03 00:27:26","2021-11-03 00:27:26",59,2669106,1,0,0,17,"CA","ZIP","2021"
"2021-11-03 09:21:06","2015-05-26 01:53:26",63,14498070,6,0,0,21,"DE","ZIP","2015"
"2021-11-03 07:40:52","2016-08-15 05:53:10",59,7612932,2,0,0,17,"CZ","DEX","2016"
"2021-11-03 00:19:25","2021-11-03 00:19:25",62,2669106,1,0,0,20,"CA","ZIP","2021"
"2021-11-03 08:06:25","2021-11-03 08:06:25",62,699499,1,0,0,17,"IE","ZIP","2021"
"2021-11-03 07:51:57","2016-10-28 05:09:58",58,4531604,20,0,0,15,"CZ","DEX","2016"
"2021-11-03 08:12:09","2020-02-05 08:27:22",60,586168,33,0,0,27,"CZ","DEX","2020"
"2021-11-03 08:06:24","2021-11-03 08:06:24",63,8728803,1,0,0,16,"SG","ZIP","2021"
"2021-11-03 08:46:53","2021-11-03 08:46:53",62,2249530,1,0,0,16,"CA","ZIP","2021"
"2021-11-03 07:44:14","2017-05-25 14:27:13",58,730228,2,0,0,15,"CZ","DEX","2017"
"2021-11-03 00:25:46","2021-11-03 00:25:46",61,2669106,1,0,0,21,"CA","ZIP","2021"
"2021-11-03 08:30:37","2021-11-03 08:30:37",61,178355426,1,0,0,15,"RU","ZIP","2021"
"2021-11-03 08:40:13","2021-11-03 08:40:13",59,20316,1,0,0,19,"CZ","DEX","2021"
"2021-11-03 07:50:12","2016-06-15 18:39:32",60,332868,3,0,0,23,"CZ","DEX","2016"
"2021-11-03 07:46:05","2021-11-03 07:46:05",62,773772,1,0,0,35,"US","ZIP","2021"
"2021-11-03 07:40:04","2018-04-06 06:35:31",59,6012,2,0,0,27,"CZ","DEX","2018"
"2021-11-03 09:13:36","2021-11-03 09:13:36",63,14941837,1,0,0,17,"KR","ZIP","2021"
"2021-11-03 07:52:13","2016-01-30 10:19:53",59,1152,29,0,0,26,"CZ","DEX","2016"
"2021-11-03 07:40:00","2017-10-27 12:02:22",59,1914076,5,0,0,22,"CZ","DEX","2017"
"2021-11-03 07:39:27","2019-01-27 15:37:29",60,560344,2,0,0,25,"CZ","DEX","2019"
"2021-11-03 07:40:11","2018-08-07 23:47:10",60,5884,2,0,0,27,"CZ","DEX","2018"
"2021-11-03 00:17:42","2021-11-03 00:17:42",63,4804230,1,0,0,28,"CA","ZIP","2021"
"2021-11-03 07:40:21","2018-01-03 15:40:44",59,6000,4,0,0,27,"CZ","DEX","2018"
"2021-11-03 08:44:11","2015-06-01 05:49:59",58,674204,3,0,0,15,"CZ","DEX","2015"
"2021-11-03 07:49:58","2021-11-03 07:49:58",60,2678380,1,0,0,20,"US","ZIP","2021"
"2021-11-03 08:27:19","2021-11-03 08:27:19",59,2228618,1,0,0,16,"CA","ZIP","2021"
"2021-11-03 00:26:19","2021-11-03 00:26:19",62,2669106,1,0,0,21,"CA","ZIP","2021"
"2021-11-03 09:14:01","2021-11-03 09:14:01",60,356169,1,0,0,21,"IN","ZIP","2021"
"2021-11-03 07:40:25","2018-01-09 04:16:36",60,5996,3,0,0,24,"CZ","DEX","2018"
"2021-11-03 09:06:44","2018-06-30 02:26:29",63,53604603,3,0,0,16,"FR","ZIP","2018"
"2021-11-03 09:24:18","2017-03-14 20:20:29",58,787644,2,0,0,16,"CZ","DEX","2017"
"2021-11-03 08:17:09","2021-11-03 08:17:09",63,21035680,1,0,0,23,"CA","ZIP","2021"
"2021-11-03 00:28:16","2021-11-03 00:28:16",53,2669106,1,0,0,17,"CA","ZIP","2021"
"2021-11-03 00:26:07","2021-11-03 00:26:07",61,2669106,1,0,0,23,"CA","ZIP","2021"
"2021-11-03 09:25:14","2021-11-03 09:25:14",62,14898948,1,0,0,17,"IE","ZIP","2021"
"2021-11-03 08:00:04","2021-11-03 08:00:04",62,1975464,1,0,0,19,"US","ZIP","2021"
"2021-11-03 07:52:59","2021-10-20 00:56:21",60,6122851,4,0,0,19,"IT","ZIP","2021"
"2021-11-03 08:58:14","2019-11-29 00:24:50",59,4385200,29,0,0,21,"CZ","DEX","2019"
"2021-11-03 08:22:22","2021-11-03 08:22:22",59,3916196,1,0,0,15,"CZ","DEX","2021"
"2021-11-03 00:37:49","2021-11-03 00:37:49",59,2669106,1,0,0,20,"CA","ZIP","2021"
"2021-11-03 08:38:43","2021-11-03 08:38:43",61,2249617,1,0,0,16,"CA","ZIP","2021"
"2021-11-03 08:31:47","2021-11-03 08:31:47",62,2111871,1,0,0,23,"US","ZIP","2021"
"2021-11-03 08:06:13","2018-01-18 11:53:01",59,5988,3,0,0,24,"CZ","DEX","2018"
"2021-11-03 08:28:35","2018-05-18 01:46:26",60,5892,2,0,0,25,"CZ","DEX","2018"
"2021-11-03 08:06:25","2021-11-03 08:06:25",59,586008,1,0,0,17,"CZ","DEX","2021"
"2021-11-03 08:04:19","2021-11-03 08:04:19",63,14898951,1,0,0,17,"KR","ZIP","2021"
"2021-11-03 09:00:13","2017-08-06 05:32:54",59,659384,2,0,0,23,"CZ","DEX","2017"
"2021-11-03 00:27:16","2021-11-03 00:27:16",62,2669106,1,0,0,17,"CA","ZIP","2021"
"2021-11-03 08:06:09","2017-11-20 04:30:10",59,6008,5,0,0,28,"CZ","DEX","2017"
"2021-11-03 07:56:14","2017-06-16 08:36:48",59,6040,2,0,0,21,"CZ","DEX","2017"
"2021-11-03 08:28:15","2021-11-03 08:28:15",62,1719960,1,0,0,17,"CA","ZIP","2021"
"2021-11-03 07:53:30","2021-10-22 12:02:25",63,3390238,2,0,0,26,"IT","ZIP","2021"
"2021-11-03 00:19:33","2021-11-03 00:19:33",56,2669106,1,0,0,17,"CA","ZIP","2021"
"2021-11-03 08:27:16","2021-11-03 08:27:16",62,2667888,1,0,0,20,"CA","ZIP","2021"
"2021-11-03 00:27:35","2021-11-03 00:27:35",61,2669106,1,0,0,21,"CA","ZIP","2021"
"2021-11-03 08:20:52","2021-11-03 08:20:52",60,2667641,1,0,0,22,"CA","ZIP","2021"
"2021-11-03 00:35:56","2021-11-03 00:35:56",62,2669106,1,0,0,21,"CA","ZIP","2021"
"2021-11-03 07:53:47","2021-11-03 07:53:47",63,14909972,1,0,0,16,"KR","ZIP","2021"
"2021-11-03 08:06:27","2021-10-07 05:55:23",59,2150408,3,0,0,17,"CZ","DEX","2021"
"2021-11-03 08:53:57","2021-11-03 08:53:57",62,1956125,1,0,0,20,"US","ZIP","2021"
"2021-11-03 00:31:34","2021-11-03 00:31:34",60,2669106,1,0,0,21,"CA","ZIP","2021"
"2021-11-03 07:53:50","2021-09-12 02:34:46",62,3357189,2,0,0,23,"IT","ZIP","2021"
"2021-11-03 08:39:03","2021-11-03 08:39:03",64,3421363,1,0,0,28,"CA","ZIP","2021"
"2021-11-03 07:52:22","2019-07-24 03:58:46",58,10898768,2,0,0,17,"CZ","DEX","2019"
"2021-11-03 07:52:39","2021-10-24 12:31:54",64,3394319,2,0,0,26,"IT","ZIP","2021"
"2021-11-03 00:31:03","2021-11-03 00:31:03",58,2669106,1,0,0,18,"CA","ZIP","2021"
"2021-11-03 07:40:18","2019-01-25 08:16:16",59,1913112,4,0,0,20,"CZ","DEX","2019"
"2021-11-03 08:37:57","2021-11-03 08:37:57",62,2667641,1,0,0,21,"CA","ZIP","2021"
"2021-11-03 08:12:27","2018-03-01 18:26:47",60,5996,5,0,0,28,"CZ","DEX","2018"
"2021-11-03 08:00:37","2017-12-17 11:36:32",52,5900,3,0,0,20,"CZ","DEX","2017"
"2021-11-03 09:01:19","2021-11-03 09:01:19",57,4804230,1,0,0,23,"CA","ZIP","2021"
"2021-11-03 08:43:29","2021-11-03 08:43:29",62,1956297,1,0,0,20,"US","ZIP","2021"
"2021-11-03 08:34:35","2018-11-12 14:06:22",60,5880,2,0,0,26,"CZ","DEX","2018"
"2021-11-03 00:25:15","2021-11-03 00:25:15",60,2669106,1,0,0,21,"CA","ZIP","2021"
"2021-11-03 00:19:41","2021-11-03 00:19:41",62,2669106,1,0,0,19,"CA","ZIP","2021"
"2021-11-03 07:40:07","2017-11-26 01:51:32",59,6000,6,0,0,25,"CZ","DEX","2017"
"2021-11-03 09:00:52","2021-11-03 09:00:52",62,4804234,1,0,0,28,"CA","ZIP","2021"
"2021-11-03 08:22:25","2017-07-17 13:07:00",59,5888,3,0,0,26,"CZ","DEX","2017"
"2021-11-03 09:12:48","2021-10-20 08:44:12",57,7225742,2,0,0,21,"US","ZIP","2021"
"2021-11-03 00:21:08","2021-11-03 00:21:08",61,2669106,1,0,0,20,"CA","ZIP","2021"
"2021-11-03 08:23:29","2021-11-03 08:23:29",61,1956101,1,0,0,18,"IN","ZIP","2021"
"2021-11-03 00:04:45","2014-02-23 02:22:08",58,34424,4,0,0,19,"CZ","DEX","2014"
"2021-11-03 07:56:23","2021-10-19 13:37:27",62,6122901,2,0,0,26,"IT","ZIP","2021"
"2021-11-03 00:25:14","2021-11-03 00:25:14",60,2669106,1,0,0,20,"CA","ZIP","2021"
"2021-11-03 07:56:18","2021-11-03 07:56:18",62,8043761,1,0,0,19,"SG","ZIP","2021"
"2021-11-03 00:26:11","2021-11-03 00:26:11",61,2669106,1,0,0,22,"CA","ZIP","2021"
"2021-11-03 08:41:30","2021-11-03 08:41:30",62,824232,1,0,0,36,"FR","ZIP","2021"
"2021-11-03 07:52:28","2021-10-19 13:53:09",62,6122902,2,0,0,27,"IT","ZIP","2021"
"2021-11-03 08:21:46","2019-06-17 11:13:57",62,1928652,3543,0,0,16,"BO","ZIP","2019"
"2021-11-03 09:01:28","2021-11-03 09:01:28",61,1955964,1,0,0,20,"PH","ZIP","2021"
"2021-11-03 07:56:03","2021-10-24 07:14:49",63,3394284,5,0,0,25,"IT","ZIP","2021"
"2021-11-03 08:00:54","2021-11-03 08:00:54",62,1975464,1,0,0,19,"US","ZIP","2021"
"2021-11-03 09:20:31","2021-11-03 09:20:31",63,4804234,1,0,0,31,"CA","ZIP","2021"
"2021-11-03 09:18:46","2021-11-03 09:18:46",61,4804234,1,0,0,28,"CA","ZIP","2021"
"2021-11-03 08:17:00","2021-11-03 08:17:00",61,1467913,1,0,0,22,"US","ZIP","2021"
"2021-11-03 00:20:03","2021-11-03 00:20:03",61,2669106,1,0,0,20,"CA","ZIP","2021"
"2021-11-03 07:56:11","2012-12-18 03:26:17",59,6392,6,0,0,28,"CZ","DEX","2012"
"2021-11-03 08:58:50","2021-11-03 08:58:50",61,4804233,1,0,0,29,"CA","ZIP","2021"
"2021-11-03 08:30:36","2021-11-03 08:30:36",62,2667888,1,0,0,22,"CA","ZIP","2021"
"2021-11-03 00:36:04","2021-11-03 00:36:04",60,2669106,1,0,0,20,"CA","ZIP","2021"
"2021-11-03 07:39:56","2018-09-05 12:42:53",60,2795296,2,0,0,25,"CZ","DEX","2018"
"2021-11-03 08:23:25","2021-11-03 08:23:25",63,15645802,1,0,0,16,NA,"ZIP","2021"
"2021-11-03 09:00:45","2021-11-03 09:00:45",60,4804237,1,0,0,27,"CA","ZIP","2021"
"2021-11-03 07:50:05","2021-11-03 07:50:05",62,1956078,1,0,0,20,"US","ZIP","2021"
"2021-11-03 07:46:12","2015-04-15 10:15:15",59,11212,18,0,0,21,"CZ","DEX","2015"
"2021-11-03 09:20:54","2021-11-03 09:20:54",63,4804234,1,0,0,29,"CA","ZIP","2021"
"2021-11-01 15:38:30","2021-11-01 15:38:30",62,1513084,1,0,0,17,"US","ZIP","2021"
"2021-11-03 08:30:58","2017-03-20 21:27:22",62,1629650,3,0,0,15,"LU","ZIP","2017"
"2021-11-03 09:20:46","2021-11-03 09:20:46",62,4804234,1,0,0,29,"CA","ZIP","2021"
"2021-11-03 08:46:17","2021-11-03 08:46:17",62,2369760,1,0,0,19,"CA","ZIP","2021"
